{
    "loss": 4.225637912750244,
    "accuracy": 0.5686274766921997
}